"PCB1","PCB2","PCB3","PCB4","PCB5","PCB6","PCB7","PCB8","PCB9","PCB10","PCB11","PCB12.13","PCB14","PCB15","PCB16","PCB17","PCB18.30","PCB19","PCB20.28","PCB21.33","PCB22","PCB23","PCB24","PCB25","PCB26.29","PCB27","PCB31","PCB32","PCB34","PCB35","PCB36","PCB37","PCB38","PCB39","PCB40.71","PCB41","PCB42","PCB43","PCB44.47.65","PCB45","PCB46","PCB48","PCB49.69","PCB50.53","PCB51","PCB52","PCB54","PCB55","PCB56","PCB57","PCB58","PCB59.62.75","PCB60","PCB61.70.74.76","PCB63","PCB64","PCB66","PCB67","PCB68","PCB72","PCB73","PCB77","PCB78","PCB79","PCB80","PCB81","PCB82","PCB83","PCB84","PCB85.116","PCB86.97.109.119","PCB87.125","PCB88","PCB89","PCB90.101.113","PCB91","PCB92","PCB93.100","PCB94","PCB95","PCB96","PCB98","PCB99","PCB102","PCB103","PCB104","PCB105","PCB106","PCB107","PCB108.124","PCB110","PCB111","PCB112","PCB114","PCB115","PCB117","PCB118","PCB120","PCB121","PCB122","PCB123","PCB126","PCB127","PCB128.166","PCB129.138.163","PCB130","PCB131","PCB132","PCB133","PCB134","PCB135.151","PCB136","PCB137","PCB139.140","PCB141","PCB142","PCB143","PCB144","PCB145","PCB146","PCB147.149","PCB148","PCB150","PCB152","PCB153.168","PCB154","PCB155","PCB156.157","PCB158","PCB159","PCB160","PCB161","PCB162","PCB164","PCB165","PCB167","PCB169","PCB170","PCB171.173","PCB172","PCB174","PCB175","PCB176","PCB177","PCB178","PCB179","PCB180.193","PCB181","PCB182","PCB183","PCB184","PCB185","PCB186","PCB187","PCB188","PCB189","PCB190","PCB191","PCB192","PCB194","PCB195","PCB196","PCB197","PCB198.199","PCB200","PCB201","PCB202","PCB203","PCB205","PCB206","PCB207","PCB208","PCB209"
1.15604392972642,0.444035055015321,1.56734149702538,3.67536788381921,0.31321170876291,1.6250453711522,0.419062994467533,6.78459091162301,0.495025226669902,0.153954858655891,25.2474263981547,0.460347714670192,0,1.2037009615483,2.22384725675019,2.46374692187526,2.08313334684293,0.648408447583511,4.01938284434468,0.118801403948355,1.24410530185817,0,0.086668194576082,0.281344252870791,0.697763039789311,0.337822342674993,4.02668565884996,1.3517535289994,0,0.0347532484327458,0,0,0,0,1.04974664548853,0.254485387634584,0.692700560057712,0.130929258829484,5.83423474851684,0.0692142306908549,0.115242076191287,0.581658240771259,2.35598036946387,0.573675433452487,0.367539811454078,2.78161213156,0,0,0.883165043219749,0,0.0179197923216199,0.0669103573809509,0.479060161105556,6.65900457264374,0.0858684654515485,1.36496197152989,1.99697186720293,0.0467177932823036,0.0232856727704368,0,4.64923332725566,0,0,0.0301438625455144,0,0,0.748268389932439,0.219661113010826,2.42854625638289,1.12417589432252,1.84445576154916,3.54250082345518,0,0.0345993825023532,8.08329899814809,0.96753956784518,1.27167618921041,0.0536712679152331,0.0332674948481319,7.91093321506208,0.0545163527378657,0.162361961789344,2.83625423214521,0.0448457732606728,0.0292105430910356,0,1.55366113939345,0.0170855754984331,0.228321767657167,0.188278120122155,7.44441002988462,0,0.0222537968654976,0.121135592972681,0.232715038506701,0.225779865009436,4.49878026974687,0,0,0.081028198026878,0.0951232507192181,0,0,0,2.83595625150539,0.179380038365377,0.0754932048763171,1.36449133237979,0.0274193071375496,0.181069823178683,1.35821835840491,0.794330817141276,0.152961202640652,0.102258919483373,0.541398184224092,0,0.104746093825729,0.233950350938965,0,0.36150793085367,3.34703151937914,0,0,0,2.44036292169542,0.0272007321257679,0.0343830611444838,0.147228660702152,0.311593226958169,0,0,0,0,0.172504292911917,0,0.0559588964047942,0,0.142693151849638,0.0750342106017313,0.0317593381920219,0.268986579594565,0,0.0668444932467732,0.134361661644187,0.043055275946572,0.228908198803235,0.371262683681882,0,0,0.195005837832329,0.0435352020378351,0.0302472005042443,0,0.410283621917155,0.0191975940260003,0,0.021752449077757,0,0,0.0416833727617992,0.0202836811725758,0.0311186788143569,0.017787220189061,0.072116836488859,0.0269742635855364,0.0213781192025566,0.0576438528924635,0.0420680401086334,0,0,0,0,0.0469657454802066
0.431911534186365,0.325760434224213,1.03777888682016,1.60815505021515,0.0555384368365698,0.356803239778114,0.0891938258476716,1.55383134752761,0.124729922897969,0.0707493422061715,2.51394235281467,0.247970247058183,0,0.297005558743786,0.673093904772308,0.649972469203016,1.60425616047409,0.27773242563034,0.911264262058261,0.571537724667187,0.328727949491406,0,0.0268344351811276,0.0811049221253782,0.211907719552513,0.10613156811629,0.921302200837621,0.403029407117414,0,0.0289027309995484,0,0,0,0,0.258273649309314,0.0607467394401652,0.165919091356254,0.0451666064715386,0.827229746915486,0.270007214667219,0.0682887489672929,0.166788703747611,0.50696148732721,0.220807714737576,0.047884379896444,1.24716604837783,0,0,0.116836264877352,0,0,0.0729807814768144,0.0210373614604566,0.67333581489639,0,0.27473269981668,0.259709506379952,0,0.0466674480715297,0,0,0,0,0,0,0,0.0487675090596485,0.021657036908488,0.1950224628025,0.0727062445285419,0.137601929135038,0.265011591181531,0.0169390240048989,0,0.632110172672519,0.0972122285457878,0.104633764495106,0,0,0.718564816793794,0,0,0.209132614532023,0.0256085498069018,0,0,0.0860940285617331,0,0,0,0.499323563909379,0,0,0,0.019790250395015,0.130008533305444,0.297558449316058,0,0,0,0,0,0,0,0.310007490661263,0,0,0.124946416713964,0,0,0.185173736130045,0.0689728366786437,0,0,0.0635430638742463,0,0,0,0,0.0510468157949158,0.327141464650793,0,0,0,0.286265860718592,0,0,0,0.0162867524239031,0,0,0,0,0,0,0,0,0.0347302915057539,0.0174233429924189,0,0.0712227795713516,0,0,0.0277002820958717,0,0.0517822233425945,0.144555170427293,0,0,0.0561445749289293,0.0266055601662971,0,0,0.139547090006292,0,0,0,0,0,0.0329017321559849,0,0.0206589223276578,0,0.0738676382012503,0.0193510902246015,0,0.0439165459114748,0.0457691891734689,0,0.110420585967991,0.0196664283037598,0.0527751243487155,0.351345962827364
0.287341044872601,0.184059178044887,0.42962139834507,1.23443223852073,0.0534246510808356,0.376419198807269,0.0680165878390391,1.58536544461702,0.118774699555325,0.056418715114281,1.39082337433307,0.18392579139481,0,0.135725899867303,0.692860748332316,0.784873631617673,1.96395889694742,0.30309966122601,1.41872692246756,0.34363780145918,0.426136271936129,0,0.0276503887782544,0.103747401520454,0.247794479103063,0.114922015980718,1.37591634166476,0.492526226504836,0,0,0,0.0300707324490049,0,0,0.337235067046987,0.0932977963387755,0.223816016231951,0.0477008641698624,1.11874936618703,0.22527176705647,0.109841037736413,0.213812966105045,0.729694193658092,0.290599520746239,0.112770520289685,1.84229408727543,0,0,0.14910062116117,0,0,0.0920680242391305,0.0800700134276015,0.902318669856782,0.0215235309742424,0.362085436783057,0.357089086857435,0,0.0474499816593848,0,0.0234781295855953,0,0,0,0,0,0.0651751687694115,0.0173269439862151,0.282850646807646,0.101795409133682,0.203314324041586,0.339603948145959,0,0,0.867455764326637,0.129962370068689,0.193472895277686,0,0,0.978294213983776,0,0,0.308097348544914,0.0210071614447671,0,0,0.116178399471147,0,0,0,0.694545404913414,0,0,0,0.0523335585497996,0.144894087432101,0.390156530416193,0,0,0,0,0,0,0,0.398797211495208,0.0185900981608017,0,0.178936929500848,0,0.0258724870092778,0.20140785481887,0.0964576743954834,0,0,0.0793480287773973,0,0,0.019087667287814,0,0.0592135390396184,0.464606780111847,0,0,0,0.364404396632437,0,0,0.0191984271100441,0.036220317177722,0,0,0,0,0.01749592350171,0,0,0,0.0305740393435899,0.0167944173780689,0,0.0748406275632199,0,0,0.0365973955532248,0.0179541086119821,0.0810886582990009,0.135857174065557,0,0,0.0536770157966026,0.0366049740316688,0,0,0.163377317967558,0,0,0,0,0,0.0215513882513006,0,0.0175453518002064,0,0.0610101267241065,0,0.0158684496452363,0.0473348540214828,0.0383420870735277,0,0.023876437718558,0,0,0.0530880354440072
1.48311825216564,0.633937106413052,2.88609538363166,5.54330601202724,0.368575168097264,3.20025730833243,0.829192210097973,13.8368093419314,0.913737215787367,0.280106790045466,71.6929314046001,1.59080582771789,0,5.16452936582301,8.36506441162611,8.9320349749663,20.8092323641688,1.91512684508902,17.8992934230372,11.9539191642769,6.24536520955986,0,0.312285427791567,1.40475320055606,3.21201505821773,0.468416714843533,19.4186315941024,4.91982022499457,0.0158958289317392,0.963286886812114,0.172676725261931,3.51685630138999,0.044387578471294,0.0608338049631457,3.88991460268318,1.29532381034373,2.38650154188939,0.384099951790244,11.6611897883004,1.04729636509721,0.790382768417452,2.17517863704564,6.0645062182833,1.86174507486591,1.50349614273311,19.2430651128459,0.0422830559957706,4.99290308666386,2.3316028476659,0,0.0458739433231034,0.855290053535539,1.41233701945926,10.0222939830309,0.243157600280012,4.34588454418575,2.42766680743211,0.0202372825421813,0.225460820678544,0.0380800366731048,0.0457148392154094,0,0,0,0,0.0467348560601816,0.86001037586577,0,2.63993937992536,0.289248289508246,0,4.74074013399365,0,0.0892137444296905,7.92872524537335,1.11968802292325,1.30678712148896,0.103131699378505,0.0371589200903306,8.80854356686501,0.102568697006119,0.291595103600235,0.143275927257353,0.0327219092251362,0.108550538005571,0.0253853696016439,1.41854418062585,0.12382780118428,0.0207297539751202,0.236166855599002,0.374928410135337,0,2.61431099780226,0.152840624537342,5.88582387354799,0,3.55296692812859,0.0243527994233996,0,0.138899100635654,0.2669978021855,0.0205790989630652,0,0,4.94159608737987,0.219433881077129,0.0988273415371117,2.2007635648192,0.0392150611806235,0.382674827660268,2.48646906049013,1.38505217761767,0.247219618454408,0.106270454220822,0.841692382218858,0,0,0.407348469721833,0,0.653072981773691,5.19707525360532,0,0,0,3.97922795790878,0.0312106684664926,0.299625302049724,0.188551555983802,0.439509646473072,0,0.0278593905744947,0,0,0.239947019063201,0,0.109364128967883,0.0212050320220861,0.224331427325218,0.129448058183675,0.0549082810135753,0.531677532821876,0.0635530261225482,0.121571384385997,0.250436789103107,0.0969372606727097,0.609710655781444,0.704283627312024,0,0,0.407819330807376,0.200680232749256,0.0704346666804713,0,0.854712482527958,0,0.0218912663611741,0.0485342286056878,0.0247836178938147,0,0.0366020070462419,0,0.0511883804963279,0.0342691782414586,0.152495932996776,0.0523534081952688,0.0605752547627282,0.149803626706446,0.0749865550837535,0,0.0177359846406666,0,0.0178577532415824,0.0762249684498033
0.72574208118931,0.244741136211053,0.805727294603478,2.29148141568872,0.130095338759403,1.15786024075515,0.230834291634713,4.53299384015437,0.335039307452226,0.119959967726453,7.26241820651586,0.361741950716995,0,0.974268409583878,1.65196336906145,1.770493027311,4.09301565063116,0.502182399388317,3.22860500323325,2.17461312791121,1.06016719162676,0.0332243601948067,0.05005812759193,0.312619598861717,0.666067595983628,0.0939820854162426,5.30656606121253,1.1079422436792,0.0364009997816126,0.161546527719265,0.0286109377209879,0.741056862891624,0.118190948892725,0.0638310708261537,7.17471564853571,0.307949364231533,3.60394837997982,43.7351671160964,60.8904981932953,0.411117824014461,0.437425160809034,1.86301878322624,0.192902666768961,3.24021862772316,0.68808639384645,199.996010161026,0,0.437249228008424,6.4707453463627,0,0.594271775233473,0.620216706151787,2.60788019703698,96.3416097832507,0.674131305395056,18.0465933876911,23.3221924599706,0.0748638468479002,0.175504422181684,0.0371732553362366,0.727289893296176,0.108412330953436,0,0.25202831262724,0.0275933861471817,1.05012875110201,8.97432722935688,2.72226493653958,39.0708190181115,13.5349253341616,28.7514730081156,42.2022757907321,0.0714165921173448,0.918204444814679,123.679767756821,16.3859724983503,19.8943407503113,0.782664098212439,0.403742464909874,129.953797727236,0.766130461313972,0.192878707754293,51.1639240249427,3.07099986834948,0.620273757364166,0,16.3919242043251,0.058021244782123,2.8243570417417,2.18310571487981,44.5259876278341,0.0411853958793472,0.0946240964578523,1.08430866478809,1.91026150661906,0.918143813545267,56.5000160405196,0,0,0.72842610141433,0.886360867677991,0.026235121265629,0.0200651461606591,0,44.3745996797508,2.49382278392162,1.28011136164281,19.8698568554531,0.424772273520132,4.48998761126009,15.9703948923372,11.388115880899,2.6053876173837,1.68761915379932,5.90122574600219,0,0.354244743418762,2.5235081640244,0.0543049544717901,4.92941698907707,43.7359863199657,0,0.0989468459535538,0.0877737594706145,32.4612296329359,0.615398866938765,0,2.69545374564173,4.19321217745763,0,0.0843735419309961,0,0.0330630061041222,2.01469909897436,0,0.959842262962359,0,1.23855922808246,0.457544058078634,0.168141026567821,1.01214570113514,0.0394335914644562,0.2206992111007,0.618879938906568,0.143618578152352,0.609859415576563,1.65721532704224,0.0416894627686669,0.0184280399486573,0.759944174943321,0,0.0765224151544668,0,0.990207027735612,0,0.0554247746840339,0.147770639741435,0.0336681082126864,0,0.103741304238161,0.0352260811796088,0.0417042768184023,0.0189377626968392,0.13386827572111,0.0275076945116544,0.0207496197717371,0.0621488209421071,0.0877051014175751,0,0.0629220329380061,0,0.0182755270949331,0.117367529876459
0.943747364855024,0.567677429202744,1.33211156622341,4.69024970893721,0.309684123702444,2.76303691111722,0.618591030688045,12.220237666924,0.88286363787051,0.222085437843188,35.4677678193553,1.05029597374584,0,3.31615368592494,4.9179625285748,5.3148498474995,11.2825070132093,1.21980660444234,9.93658898355003,6.78482118826291,3.38941436349127,0.0335972538184737,0.222921025951495,0.879947414702715,2.048170174228,0.266104652715807,10.6062771395651,3.10185656134047,0.105295434204215,0.646234468478484,0.0890274214817542,1.3778253916749,0.025673254747624,0.0355664490402875,1.64277107235283,0.526773124906498,1.09013921017854,0.236106721885994,5.42783880065499,1.30377695210754,0.400726056586422,1.13436921209001,3.09831493089832,1.07348505504069,0.317228419325139,9.86638272089328,0,0.0666286447355922,0.848652137699459,0,0,0.425824497477336,0.503042529284599,4.69258374427931,0.0947350619913536,1.94924423570913,2.23152079024525,0.0826188901085546,0.0964828670736405,0,0.0699597086825782,0.0164731308967628,0,0,0,0,0.284431193191289,0.0389122221453644,1.20446958267173,0.307467173282787,0.155921486595816,1.54218855738119,0,0.0226043099282331,3.31529601540856,0.454035803872386,0.599172580209781,0.0250855075598106,0,4.02919300279425,0.0474135609442164,0,1.02751108726089,0.102585229390599,0.0243638118937615,0,0.343820953923546,0,0.064317409480521,0.0489782189553354,0.899165622601951,0,0.0264447473568991,0.0338088569649757,0.224685148710539,0.11158555199099,0.89112651203832,0,0,0,0.0183406401070054,0,0,0,1.13233003418693,0,0,0.580954901373638,0,0.11461651079363,1.12032112608063,0.588917917232179,0.04542199235966,0,0.247880275510316,0,0,0.102831976176178,0,0.167739658241027,2.04399276885132,0,0,0,1.41947422674404,0,0.0356597780673749,0,0.0911701503844193,0,0,0,0,0.0223641650323237,0,0,0,0.0489554869596295,0.0282364020200673,0,0.12475052746302,0,0.0288562988605522,0.0561146901745002,0,0.107828248833223,0.157665832871098,0,0,0.115537774880306,0,0.0219849532015235,0,0.283243173410892,0,0,0,0,0,0,0,0,0.0189815593333639,0.0285378300793373,0,0,0.0531217024750487,0.0159493439278642,0,0,0,0,0.0654576791557701
3.6395621349596,1.32810249883404,4.79958665400573,11.0928861704893,0.648060473592882,5.62149106768175,1.57066670668325,24.3567738031542,1.43755050261676,0.378157681612452,43.6010304625516,1.58381193923972,0.102683829448968,5.54857269586728,16.3790376960788,15.3666393714194,33.9156163783226,4.15876210722732,27.6828878375901,18.2761191041299,10.7590127529863,0.14788550403806,0.439552147252455,2.24637053774688,4.97687039641981,2.08779863991431,24.6446386701458,9.13347784475492,0.180586813239827,0.712746926105605,0.109161180130923,4.80303510074905,0.244864102922711,0.406418102634403,4.57993296571819,1.36637981311665,3.07664204082993,0.582456046372379,16.9629980005481,2.8127048805267,1.11825734577989,2.80742963265702,7.40553377642742,2.51436882555663,2.40915038189365,15.1119628153133,0.0438324640364974,0.352403247267776,3.27700705513627,0.0431637562670762,0.31887585414996,1.04997839577898,2.10885005316279,3.82622426855934,9.89598052236526,4.74035911863289,6.8282496955369,0.295283077580345,0.575187485810477,0.0262065907109215,0,0.295802999475951,0,0.0399889245672919,0.0271957192777797,0.0528093666387531,0.62509157044418,0,1.836388534185,0.0740505197839817,1.31044194935096,2.59866951144322,0,0.0694337263244381,6.50355477031159,0.958777773172209,1.05979605660969,0.0365576597184923,0.0405548235337567,6.62515137078354,0.0767210881640447,0.2539373437429,0.0377263450431414,0.0687478408588042,0.0460808012993738,0.0202740536297179,0.958632951753498,0.0778079089084582,0,0.182867274515691,0.672421146425391,0.0212420220079587,1.89063074725193,0.142995066104696,5.77897260987875,0.0212002725589319,2.84920542913812,0,0,0.0682599391304352,0.282833372021623,0.0167788318390239,0.0643056160711153,0.195335683165285,3.52376178056432,0.161254524642446,0.0338667885217944,1.26475139209524,0,0.0866887169244689,2.20732295257136,0.960357469017374,0.0824038468748097,0.0416437928334901,0.806549719552362,0.0473076685153985,0.105229929279285,0.368283316517673,0,0,4.86892498542216,0,0,0,3.54859544950141,0.0213188148924698,0.101827857019986,0.0565750008630774,0.250187380335365,0,0.030000571490607,0.329194924429658,0,0.158000684441464,0,0.0326168936155702,0,0.366504240358444,0.181852257352237,0.0583429357553404,0.592154704212702,0,0.160905576065052,0.349240810423639,0.224197996489407,0.642180647873492,0.804296119612701,0,1.11323229603631,0.47122411068464,0.0755727795935802,0.107576559452853,0,0,0,0.0352469292873416,0.045189188863986,0.0167306782078944,0,0.0430091280012194,0,0.0563668170546662,0.0182153983921573,0.171448891405344,0.0476822781661276,0.059804692657496,0.142148462875724,0.0978833868315665,0,0.0303138751157245,0,0.0433414545909873,0.0676008593532831
1.77279018434619,0.72426142937872,2.94069316511445,4.438917791458,0.373165094879246,2.58696184207771,1.00774124561732,11.7471779720454,0.745728309429122,0.197570042725305,26.3891458861323,1.02196881063839,0.116426812088963,3.70093596466726,7.80331585199621,6.56338772765748,17.6019321798747,1.50211964792698,20.2711652379152,13.2981334473065,7.85409385114192,0.0323714706358511,0.225424438790769,1.38130392949833,3.08222942649505,0.903970574909773,23.7129868253302,4.94328633346662,0.109824884766829,0.448465501607367,0.109840727191109,3.29008218732128,0.0246793462899817,0.385735759832487,8.6193127677062,1.66305472549987,5.60239903060334,1.22626324587328,59.8982387343509,2.4393297641575,1.27921853799436,4.43045610087419,31.7946122625942,4.38276430872935,1.37404721866169,166.2735181752,0.0396152600602184,0.347015641402988,7.1118119928824,0.0280384151845432,0.551872280093466,1.23481250570892,3.84324146168659,96.8198265467654,0.812984106706828,17.5836364504414,21.6489257853717,0.245488443970129,0.116276611941023,0.0441325172770014,0.123043218355356,0.418766461833717,0,0.468570975816752,0.0197096964164499,0.885458646134719,9.35687721650012,2.3718746063736,35.2808167422918,11.5587142713984,24.1596378775541,48.9912664538552,0.0220496852084476,0.720116147116083,125.405240773773,15.1554589276779,19.6541708691345,0.267264212121626,0.408272706191942,126.365043069699,0.55295779066254,3.27624794610313,46.348237681155,0.185611490710982,0.459973000486644,0,16.8417307015852,0.0808318312146319,2.83766502774689,2.10487431727695,118.735426825401,0.0365946404722487,0.199314998150613,0.985347760707778,0.754939908418616,1.72209167209969,59.6061660289071,0.0189365418830372,0,0.66542503060976,0.703896332549296,0.0208829543470101,0.111490178618405,5.7564747043966,48.5554825782238,2.31275343560097,0.960674040867918,20.041343659697,0.428328166958021,4.07338515028794,15.2196470592366,8.47086379080188,2.63497289490571,1.28567116487558,6.33099069935129,0,0.241710667239815,2.5507493917066,0.0282888674174842,4.32118902958777,37.190812933257,0,0.0421394733420402,0.0805744649695419,27.964991165369,0.388183031584604,0.0851221422924543,2.43458838040342,4.49944692553596,0.0302046389833786,0.0985086596433766,0,0.0783993755920534,2.14760484045967,0,0.892700233051912,0,1.01286108372005,0.598223766809137,0.158819425473441,0.978837387422675,0.0591702106117379,0.306366866906993,0.764072911632507,0.134029368530813,0.777696877601746,1.31070649414323,0.0574276739433015,0,0.748083795532782,0.0617059793856169,0.114967488868338,0,1.27342868765945,0,0.0818381324414037,0.130028768225242,0.0240365629774353,0,0.0397646621677515,0,0.0275696668012407,0,0.0662222758900903,0.0294122929010856,0.0263541151203882,0.0539827526900363,0.0500357199268499,0,0,0,0,0.0638778486223707
2.18663756104823,0.417718983667305,1.43727173693088,5.94682874272347,0.311715500842391,2.80827124008588,0.601285685138855,10.189127963772,0.778278082067322,0.27992594922007,14.011228286529,0.630788679180227,0.0698174588070867,1.70827422497621,3.0568706014132,2.91356416618748,7.05167534118785,0.931908395230187,5.42888789305162,3.47566133766336,2.03719336220462,0,0.0970617609864181,0.568767485117187,1.04497699470994,0.379395774981379,5.1044892450967,1.73060429924697,0.046911720847958,0.175615493204294,0,0.671551936816948,0.0187617983253261,0.0343553626666757,0.908058221437497,0.278842109984148,0.602151156288398,0.108915490413067,3.98800833053238,0.47054762730356,0.252830827063183,0.663772167439037,1.67780737987491,0.703764905698419,0.785715791724274,4.03031916511317,0.0178695984810978,0.0624377738870087,0.592059577735096,0,0.0221597759651359,0.191335004443464,0.353202630914411,2.93196252923134,0.0412860727152821,1.01216590078937,1.15073559143075,0.0385421628703804,0.186706333686643,0,0,0.0465653310875501,0,0,0,0,0.219736429754277,0.0845816301732984,0.638912909503999,0.290062214862804,0.595762908565959,0.942995021621155,0,0.0428916619377903,2.08023887911416,0.294034352061312,0.417491057775944,0,0,2.04845349240753,0,0,0.83676856750461,0.0637855404834243,0,0,0.286280549894681,0,0.0501837912373898,0.062692377356395,1.92080163552827,0,0,0.0184024112280479,0.218086251628206,0.0566850787193875,1.11947201657534,0,0,0,0.0161368130281301,0,0,0.0498626046040072,0.817810881816016,0.0328988889762875,0,0.32205442473024,0,0.0369959812492707,0.452050296705911,0.164656752122505,0.0233105222448627,0,0.134144477906201,0,0,0.031047870335376,0,0.104988829324067,0.911044362910165,0,0,0,1.06756504420422,0,0.0362984848259531,0.0257091478008032,0.0724170111989117,0,0,0,0,0.018737024885412,0,0,0,0.183166586234072,0.0410009682370408,0.0181530201032099,0.0771335528905558,0,0.0167463920913438,0.0383521794783558,0,0.0414710004284535,0.198237253678316,0,0,0.0792165107737701,0.0238614033459194,0.023154074939058,0,0.162819497384517,0,0.0191282264733658,0,0,0,0.0452967626134667,0,0.0373435443323927,0,0.0733961753375648,0,0,0.0296040991642374,0.058103154184478,0,0.0260376904225746,0,0,0.0642148250546695
1.85275314692531,0.49880111707665,1.23724326645447,3.78147933950596,0.162731383114194,1.28919075203535,0.341817871900382,4.86281209988888,0.423954348570077,0.165294820805571,8.44899105025112,0.411582793769872,0.0497289681624496,0.931031131354082,1.92397420490177,1.79909521020136,4.34911329807051,0.774930797651419,2.96342941125069,1.7174790227791,1.04628020753669,0.031386442212527,0.0830442825711065,0.295354549369671,0.57159875959073,0.244259174581744,2.722747122055,1.07596511383122,0.0186899100381469,0.0859309551987386,0.0623581629565916,0.331870093298604,0,0.0168209764537967,0.587068960276042,0.154698325367815,0.385659816238145,0.0761304576143469,2.3271377480833,0.561575228296736,0.128263767364698,0.4444527273025,1.48353457059264,0.527856718181344,0.107853295230441,4.12433077312688,0,0.020750263438064,0.326387919112928,0,0,0.154026000364957,0.159153631789216,2.23700274790172,0.050560475928889,0.694455036619846,0.735383160579431,0.0293555072802781,0.0947849179562462,0,0.0218155937209304,0.0296230219207299,0,0,0,0,0.178168449844971,0.0264126978090977,0.628942953425441,0.244970735585623,0.57909774493736,0.933128701226466,0,0.0216112609441067,2.33693927977841,0.351142522244696,0.429315974922356,0.032982612174684,0,2.3232669918887,0.0162960526585131,0.0277474452859175,1.08310222176057,0.0288656004191558,0,0,0.540526755732042,0,0.0858113485777772,0.052140571874026,1.64565393945178,0,0,0.0210699586205643,0.130179624786451,0.0715171159971129,1.50099625058608,0,0,0,0.0212592513055261,0,0,0.270981612321096,1.85998798831708,0.059519493163123,0,0.540414387519801,0,0.11519193273094,0.45024036551356,0.236227500326506,0.0946410615407508,0,0.188006223369993,0,0,0.0214261769388281,0,0.195076968259298,1.20626412809546,0,0,0,1.26090991974021,0,0.0174625666331471,0.125378455943827,0.156909662876851,0,0,0,0,0.0823020642124078,0,0.0437513432789092,0,0.27896541981044,0.0763655226383622,0.0381217471460193,0.228902468689945,0,0,0.173773816026705,0.057286139457,0.126028842368774,0.612532763348945,0,0,0.175370458548277,0,0,0,0.452366820587633,0,0,0.0527769727870337,0,0,0.163285033347645,0.0432684752444783,0.0717415159108856,0,0.24244675809326,0.0285098594321256,0.0263322533183412,0.0895123923916845,0.165230028312233,0,0.369709906210157,0.0528447018097371,0.15373787544003,0.853410721822363
1.25174659753982,0.627295056509474,1.84500960982112,8.83284433786351,0.528365662864134,5.04454019703117,0.90200597239567,24.2420077726836,1.25466360630777,0.278242742934866,25.855043045415,1.38995120248178,0.0819763283045867,8.14094691324269,21.475190051316,18.1493047700861,43.3784811003602,5.04870263636929,41.5097028406644,24.7530412130264,14.1169420199782,0.132526162429421,0.691090887710036,2.88580328564322,7.74402995780206,2.51007202598306,39.1051078574702,12.025036624362,0.194130552145619,0.52285888432167,0.149643488018391,1.18742541085079,0.186656141742704,0.0915261046079544,6.51069213677109,2.06137226997956,4.85269383415502,1.1472015928158,25.7480434663228,4.87067721047102,1.69988866145591,4.8876846658319,16.1293614357944,5.03125968228609,2.49167913281011,48.4622030281588,0.0782134331438506,0.431466679538365,3.96060158461715,0.0783907903889375,0.0201232484280236,1.55735163252408,2.80558894041767,23.6430356617986,0.497545140108895,8.01506373098943,9.46310262730254,0.38461879187925,0.248083855300492,0.0361413049845596,0.109848956888004,0.381158108799074,0,0.0483850724206674,0.0250992099393909,0.0812861647268932,1.073789293614,0.471501763615241,5.33142721434986,1.33564546334607,3.03331463963465,5.38259675849418,0,0.160988714221792,15.2782816900307,2.67705793126908,2.64005046944911,0.181402674728641,0.0830724987079057,21.198820251385,0.219636506986377,0.216895589270121,5.55605427856162,0.404153433534426,0.145963376381501,0,1.25278717615866,0,0.277275333502597,0.225370800192361,7.11173725338921,0,0.0503131609528746,0.148309861905113,0.2185797068321,0.258415540463504,4.59178061908532,0,0,0.064163028330959,0.0711085167777774,0,0.0190016760729857,0.2184589186931,2.44667790001708,0.177607603928491,0.0833761160111807,1.50081434604113,0.0426281069650877,0.349132699500432,1.94092994629331,1.34522333007172,0.0731800371931916,0.111412838615014,0.46148933580794,0,0.0185417580232908,0.272671386061129,0,0.343264619303991,4.24127824346323,0,0,0,2.4664807641413,0.0245910314557825,0.080192395175268,0.0904386455932409,0.246254622266036,0,0,0,0,0.139579208032475,0,0.0333362488654435,0,0.150440515815665,0.0886500069213852,0.060150202593013,0.277119219931782,0.0359487758029768,0.065604136137123,0.175410318257458,0,0.26975829440216,0.464869382382152,0,0,0.292918842542864,0.0473225120418817,0.0558175751629343,0,0.571098690076599,0,0.0360513386820472,0.057502037389062,0,0,0.0717650351477638,0.0551781501719133,0.0467414503337253,0,0.154745432714962,0.0169529826319514,0.0338162738388378,0.081745461497697,0.0983883034456317,0,0.0739129622599757,0.0180395791209654,0.0524769742023274,0.122759735628116
1.36276188688693,1.20924494626598,2.21412222155743,23.6860495651377,1.12581700338647,10.636500667487,1.76039575696429,53.3208601836993,3.0845326029892,0.796874392302358,32.0774776048487,2.04180121111693,0.124408815461352,10.6821504764097,32.287778511081,29.5730602526256,73.8983741995063,9.65994051505344,43.5690193682015,27.6690864564311,14.3445525449075,0.1879516537191,1.04890516668841,3.54498491554308,8.60262549750253,3.99622401486244,46.2689341970765,17.0114743967288,0.23443531025937,0.444827990046895,0.075860197544819,3.32000541528569,0.0380717826898445,0.0817193392601906,4.97760287100816,1.40682326557728,3.69673820101334,0.837532628441816,17.4054549546734,5.04209493631199,1.81908097417441,3.94428395836041,12.3852602088453,5.02543924116679,1.62007676113754,32.857953229209,0.11693829072904,0.308570219062157,2.60883505922368,0,0.111972332911017,1.20988927415282,1.68725251762845,18.1268468321431,0.249433497968268,6.27964456249108,6.04243686199064,0.224612969916902,0.0477311443988946,0.0166193097286992,0.144471922694118,0.205641299024273,0,0.114470494613267,0.0821203150890892,0.13498669203199,1.5465260928451,0.752749237831599,5.49513144871253,1.77630384111286,3.59975703138442,7.91046969064862,0.0220210960252701,0.133981487217304,16.5866721015062,2.18859052296823,3.1837200282735,0.132026895959763,0.0639735251337103,17.8363956835947,0.133261268130178,0.100739489712858,6.54409548241707,0.384053463500321,0.1769599421733,0,2.39629501471838,0.124445607439721,0.192853792330153,0.406485667459339,11.2584080124882,0,0.03446821391455,0.254435341821159,0.187908179004582,0.282425492534054,8.43879767762389,0.0380242972101586,0,0.253963292215293,0.368349289032607,0.0165634300360861,0.0210053321494658,0.750212335193784,5.94154351817754,0.284803679468416,0.0186059035261995,3.12161088107614,0.0510107694622038,0.578724484717218,2.82618736556847,1.64776816014542,0.407798025646663,0.15397725423002,0.888226399506223,0.152368156236826,0,0.43847251227386,0,0.552961210814015,6.97950669959961,0,0,0.163432849392634,4.21370565100834,0.0531965392252653,0,0.287592806371472,0.54262964737239,0,0,0,0,0.366117628530217,0,0.102196729091129,0,0.298534338111361,0.128638467307642,0.0304687842133691,0.319084799286361,0,0.0700874378706409,0.184956393160387,0.111285206693675,0.387758917453927,0.423094610692732,0,0,0.301423918035905,0.0567043030141184,0.0511968754441321,0,0.703999867178957,0,0.0384680563052721,0.0393905656668661,0,0,0.0423127067347113,0,0.0410896322227273,0,0.103041849700216,0.0351413943646922,0.0330810907741685,0.0892195746816171,0.0553880790121603,0,0.0279670364085023,0,0.0228857920739903,0.104524396444497
0.604860225922595,0.308233491005288,0.544193981226457,2.22837911080452,0.117542601023464,0.697652706122135,0.162981514505478,3.05745331931569,0.243920946095077,0.119065672568608,2.14920836503659,0.291845880705516,0.0629127568275315,0.708674091958792,1.55337245165134,1.45193953395684,3.46969033447997,0.529751192193191,2.57483067524673,1.64183245006459,0.923453376324433,0.0265499141770848,0.082437989697754,0.2625777100227,0.513650688280608,0.236606247274533,2.38276897006016,0.856296906099438,0.0294515038267229,0.0766624887597854,0.052857614498379,0.351580606150877,0.0403609720154104,0.0304264586491371,0.701616922008186,0.15181097224003,0.4459409020332,0.112476218371417,1.74191738923098,0.50983497820656,0.179771334059668,0.40343472344952,1.11170386500162,0.480086415757744,0.114786232839826,2.7197193573224,0.0371570346755995,0.0489534522257593,0.304466402275065,0.0306377961679371,0.0228606928911284,0.193582582196092,0.207462898433589,1.79261570221101,0.0576122143226756,0.723527380034267,0.760141332906631,0.0537073903370455,0.0299261251806245,0.0222746244868378,0.0199398456174285,0.0519830047730337,0,0.036308124126302,0,0,0.163752728293202,0.0454599810095324,0.459874074116856,0.203276295991972,0.389899024061288,0.605334750906051,0,0.036129797161968,1.53473265689017,0.255527638306903,0.292407110737691,0.0405362733999758,0.0212698991029033,1.49334415356252,0.0317717483995134,0.0791050563809641,0.724310061917382,0.020467763308764,0,0,0.269076796116169,0,0.0639694615200118,0.0601636501345812,1.32644746388845,0.0163041922665545,0,0.0401892025341151,0.0478216100127466,0.0487047435804104,0.806888589887283,0,0,0.0274086834149349,0.0213573167247706,0,0,0.0995662786090742,0.613203766706927,0.0207082924201606,0,0.24586753013761,0,0.0497625078114733,0.252942126526075,0.12258302196953,0.0355649853145961,0.0250740211737365,0.0920884964611063,0,0,0.0390714710648042,0,0.0732089880239762,0.598547665012359,0,0,0,0.469840161743403,0,0,0.0439143782721549,0.0512301369606096,0,0,0,0,0.029516779477555,0,0.0164409082246074,0,0.0807848012991094,0.0312741189399192,0.0337486349467929,0.0798993813741914,0,0.0247216459086944,0.0498505617899986,0.0256228977734473,0.0792182112367098,0.168353762988072,0,0,0.0710557916268178,0,0.0224417582909207,0,0.196445415191742,0,0.0274508864135225,0.0331652438004146,0,0,0.0664049270487258,0.0313550427490462,0.0395312607735713,0.0388231843356637,0.0980358902801957,0.0254520180736291,0.0273970306803455,0.0512357332530329,0.0606798818582004,0.0216910093015615,0.0582034312981916,0.0200184130502888,0.036747380990499,0.0988422778332992
1.32293196727054,0.877457227540924,2.16230328655375,4.52389692954002,0.320047177070988,2.66541163601155,0.605576995454552,11.9397377432627,0.73272981776509,0.172330172147583,26.5335793248088,0.775032198209247,0.22515924627775,3.25461628163632,7.15507484745785,6.24963220066293,14.3915394433277,1.42020826884331,13.131974043001,8.771029902119,4.83183923935064,0.139325670077561,0.235455597518881,1.1663932957422,2.37399016393649,0.854502038867228,13.2082914497577,3.51220034762034,0.174995265038544,0.36179719895085,0.163261956484238,2.03649402305938,0.123596013648428,0.198579208587918,5.3415692622362,0.817535414725512,3.09566406678743,0.628159999436955,26.8624416096766,2.09279682583915,0.696023643493214,2.22837664201143,14.1758963584419,2.26189186372239,0.493467591029624,61.3173851264452,0.0382395706555764,0.269986190892648,4.83450625485439,0.0314791889512107,0.308651545136748,0.747126627323458,2.20211284088284,47.981176757777,0.448958361258841,8.89231144944619,11.951136178145,0.180243549500658,0.142525901370146,0.0434234036763875,0.116045186598742,0.239793581105372,0.041522038958457,0.172288566808643,0.0412570385513291,0.676106064202055,6.79419866439689,2.27506695271622,22.5016432873332,8.55594313658725,17.8126061366608,30.7509690231792,0.0396950315472717,0.54448505750262,68.7446843158621,9.52637037066983,11.1107884679829,0.333556736653295,0.219474437207286,64.7902863707991,0.377260502964917,0.0918007856891399,29.6396052158356,1.57533224169363,0.255248080870756,0.016550092965277,11.1883849558954,0.082963693847966,2.03142215996431,1.48292892489233,71.4825159915022,0.116361469616065,0.198094351912327,0.942104534670885,0.57806857413659,1.14002613346096,39.8405179766476,0.0586832026691777,0.0372683541281618,0.575671866152185,0.60438322346564,0.0197013620460706,0.118394250975959,1.58272891999151,16.1080896550007,0.945566096518479,0.466647645457533,8.12671945003878,0.201845686481101,0.800984952027062,6.76936553781552,4.2069672274765,1.12666790255315,0.595491166394669,2.36153987814094,0,0.647097570731583,1.03198805753071,0.0306737493116013,1.75902306961012,19.0101862742311,0.0161373252498748,0.0372694807706067,0.0370663186556221,12.5898909962608,0.181732842784754,0.0407553426307858,0.612096515785461,1.40732027764268,0,0.0805525558145957,0,0.032663900218416,0.707729858651032,0,0.235894943531342,0.0163223475284909,0.321930472342238,0.226547037478484,0.0854562369574785,0.476251516818328,0.0509061936420166,0.199798061645849,0.325220461307701,0.144867750025797,0.594953283850952,0.713951081158156,0.0242912783412071,0.0233619351191674,0.509715356187699,0.0178810138003666,0.0724363594213547,0,0.904383514651784,0,0.0226205558979704,0.0671451771231044,0.0294663809877509,0,0.0746299911874441,0.050431632725446,0.064769146833659,0.0597913473238535,0.115739108732094,0.037075471698119,0.0443205072232732,0.0569629930856833,0.0868623612184614,0,0.0506000730452622,0.0212812815995882,0.0230016168116225,0.0816471262636078
3.58145177560791,1.13110106929964,6.03256504927834,5.44180535857125,0.538620858151055,3.29804447900383,0.896460631298234,15.7008771279064,0.999192426426182,0.256200429652117,22.2831535776449,1.47981716999207,0.120641847874215,4.55453984418131,19.0359796013707,17.9734176681988,54.8902097974481,3.45046877288092,49.813595709627,26.7348046744038,16.0392935194734,0.119993503906284,0.216961451334764,1.5051251871829,5.47607026738899,1.95833617246848,68.5630132446425,14.0749015902717,0.131565887006346,0.347218610811422,0.137544988428939,5.31581300811462,0.138873969907014,0.235361111098094,22.9420816094526,5.108965016537,14.7903188108761,2.50512689886078,53.0402525576729,14.7415214488061,4.07068641647594,14.6709744090229,36.1870400368232,12.1074712019885,1.66874804545563,64.9474316261127,0.152977861835847,0.769441409500533,11.7000991039427,0.121636574755654,0.0532392836683868,3.67237383008854,7.71103351248347,52.6580185659892,1.0923267226464,23.906275066121,27.1449193140031,0.574429656765159,0.131098847175092,0.144654650816053,0.182220966947412,0.616854274311583,0.0453032615909279,0.129869459843006,0.148762437390472,0.12283376352336,1.40974395083074,0.463374398513322,4.63739139102119,1.79343278115023,3.34387136550413,4.40327400360693,0.0627717222981888,0.432826718021273,12.8614614094,2.97670451858668,1.97969872464092,0.321753367429509,0.162438998854107,15.0808495184536,0.362742840916815,0.484516385446224,5.97534040676813,0.610384132932131,0.142960261989247,0.0293513570351252,1.42005272489335,0.0578360123586362,0.297722170574152,0.230069768748034,9.25040838051277,0.0621897160319654,0.100841870338786,0.209709442527751,0.338619886551842,0.273174131830491,4.23399918366377,0.0506786706832662,0.020900116747024,0.20675277561392,0.172413160820486,0.0161850772874538,0.0748172656858485,0.19267546835953,2.51953248076234,0.132703719255063,0.0613618670857432,1.21462985150599,0.0389090736266015,0.141119809385358,2.27895335415262,1.08705493140633,0.084739666252832,0.0535261523969844,0.671547866931185,0,0.112440909160062,0.326488579598401,0,0.363212250734033,4.44579007930674,0,0,0,2.77801651918674,0.025981969099757,0.0962280495088368,0.0750668769976046,0.199950195157034,0,0,0,0,0.163884942397264,0,0.0374850231007518,0,0.273577919213026,0.166068535984067,0.0907620025495271,0.45629966222821,0.0428449825929936,0.168420805299669,0.299247190729093,0.123575436979096,0.536587649731947,0.669281665309147,0,0,0.384645126643942,0.0414951634411347,0.0846559859231564,0,0.857567969457591,0,0.0212822375402182,0.0623351838033043,0.0330895859912418,0.017555173993622,0.100665269064587,0.0565041144789592,0.0689362591566203,0.0512134366893445,0.128574174055413,0.0453817421597479,0.0413437481013051,0.0654368615144455,0.0864369923268285,0.0411013517117487,0.0576715609287898,0.0272402190542531,0.0182516550720394,0.081714889862209
1.20875581184756,0.362565156355605,1.34515903082215,3.42827875181055,0.153190806719076,2.09790971623222,0.380643192307475,6.19886506970402,0.390822899484117,0.141712425408638,6.18183222762912,0.508618590356486,0,1.06156044060562,2.32339527726975,2.59998650322652,5.71098638738981,0.76925708166045,3.51320259920312,2.24683968573607,1.10886945475314,0.0322915341303713,0.0914682424990159,0.325333195205711,0.704904090741148,0.336460952915957,3.56331284129903,1.39115411796863,0.0474502733374416,0.166059213973624,0.0797462793180052,0.414495886746262,0.060101305783117,0.140140534615388,0.81398140816768,0.152286486565152,0.539829681842947,0.106991549244143,4.35704281174707,0.798150202217122,0.212788794649012,0.468966845582296,2.09595577888797,0.577292109305881,0.0993018118015394,9.51614120746447,0,0.0617031530690638,0.660170289420475,0.0231605594586764,0,0.158763303069643,0.316100579371072,6.25956329463912,0.0599801161397786,1.19853194793878,1.61270744935536,0.0169340159502521,0.0746962349261303,0,0.0742599168564295,0.0488975287698262,0,0.061264456556326,0.017426344312883,0.0442472361367357,1.04667457043066,0.332555712352369,3.37849456487398,0.994810476811746,2.44589547102715,3.94647165832876,0.0502848866208313,0.0948473027784708,10.3841419977471,1.27275064907375,1.66564597930402,0.117009478109574,0.0193569088139368,10.9622212488295,0.0859029199939679,0.0513905277946457,3.61548877017976,0.204847336882088,0.03738694138839,0,1.32843392004201,0,0.318581276843694,0.180147751525303,8.71707289889824,0.0251840283555403,0.0158594010489117,0.126615151635562,0.246807900826657,0.485114048204148,4.58182706180157,0.0168744571130655,0,0.0776809463372477,0.076567711077879,0.0879786461778691,0,0,2.24600075252633,0.179822463395243,0.0651625103525703,1.27111440637512,0.0206907518799965,0.264838776944232,1.34186848903118,0.88799178065127,0.195688652269779,0.114417479088513,0.409742995675795,0,0,0.248620142439192,0,0.308736279802756,3.14948613708965,0,0,0,2.02383828450031,0.0300315783719659,0,3.3689536540154,0.240902956798173,0,0.0979078359714952,0,0.0244703842684117,0.116514937513928,0,0.0363720503115542,0,0,0.0235362348488348,0,0.0512226611672732,0,0,0.041343534309068,0,0.0722304120534221,0.0536212080260895,0,0,0.0529735721226153,0,0,0,0.0923951452752479,0,0,0,0,0,0.0453600480341798,0.0517566245044515,0,0.0276916429431383,0.03687071336263,0.0266674845547271,0,0.0274591847606764,0,0.0778447830748642,0,0,0,0.114742886989768
1.42820084095186,0.427153109441556,2.12145250204863,4.26956739052182,0.195945051380758,4.70572215537412,0.678460683476782,7.53582522059166,0.478125054457476,0.170897597371336,8.79635259541127,0.869125834570672,0,1.27713752007339,2.51731247548295,2.83927285726718,6.34391864271029,0.961407516136365,3.94650843539816,2.42552491004221,1.24346558554248,0.0798827338871966,0.0868475783958404,0.363301470564654,0.805120331561849,0.410117516125738,3.86242715124471,1.89889014726331,0.0643318949161439,0.176042651981476,0.0636759205631593,0.440770761556975,0.10257150253493,0.0274167644428328,0.798131488720064,0.204964167219949,0.510776594918741,0.112214546930715,3.8885394393853,0.524496506074193,0.19327969733978,0.482356350125932,1.87964380688694,0.543646160662306,0.293172997190335,7.13436513048183,0,0.0469377102959433,0.600043844578567,0,0.0206447033541099,0.150382354858557,0.322291021095588,5.11622195845793,0.0598466935185478,1.14304501858452,1.39336128654033,0.0286833151511221,0.112224586507343,0,0.110026854448638,0.0207245746998671,0,0.150198427843692,0,0.0414240713528303,0.917216531775581,0.172333950065409,2.83381123146445,0.968091038760402,1.97355225385716,3.39326943920243,0,0.0673185143384282,8.47154646498784,1.02364483591755,1.44040147479717,0.0512056370032885,0.0237326870139874,8.9307406313071,0.0494753418438759,0.0455913862502617,2.91255546576969,0.144866051287957,0.0247989111443145,0,1.43175152762476,0,0.304557466335782,0.229361437360882,7.8488331286674,0,0.0679056587034406,0.139016178895325,0.278757829648494,0.296328734476412,4.79140020236805,0,0,0.0998557617341707,0.0935123126604951,0.0647160677058082,0,0,2.9986641697509,0.214548725410539,0.0730904797398553,1.40633922512154,0.0301511634377474,0.288033750188565,1.2223885208491,0.784635766412792,0.206545111613926,0.105168780696533,0.510072888724892,0,0.0164930755714531,0.211967956365813,0,0.340938791210756,3.20554351373118,0,0,0,2.2914268495718,0.032350723935163,0,0.110105422281074,0.31702176123432,0,0.0183686543766557,0,0,0.152111804003107,0,0.0586735715799215,0,0.0614226995467601,0.0435528321246908,0.0268459643132978,0.0937124603972892,0,0.0177915936697781,0.0593787755606638,0,0.0568359607259739,0.105105260227509,0,0,0.079188616578347,0.0159730932723015,0,0,0.116668788608797,0,0.0401078052775768,0.0193500566332855,0,0,0.0399796582153484,0.0687876979018141,0,0.0478049390002498,0.0281717479631888,0.0214742295920832,0,0.0260699651929215,0.0222973645028793,0.0441698513026061,0,0,0,0.123902301616029
0.868950340134731,1.09482499309037,2.06269679739337,3.85059964770798,0.265106370327608,2.15255911001174,0.547363239051234,9.97434276914911,0.638820635900617,0.113404005658621,25.5624472043092,1.14330893117596,0,2.33937043854166,4.4778199658677,5.08332658516262,10.8582565325018,1.26229072800166,9.29233665907841,5.33867418752422,2.8535843399513,0.110227048522533,0.163286533095952,0.654314790399738,1.62421539537791,0.689640823169224,8.78174631532755,2.96724598523554,0.109835230360728,0.382309219391611,0.0845745238391293,1.31953015479189,0.0496122351725041,0.0837983922535996,1.77548757445068,0.567068596661108,1.11728959967209,0.234527259339299,6.81277345595182,1.4211456983331,0.414198994335766,1.0861261192056,3.48519983829479,1.04318685558872,0.485377196983965,10.6447709513285,0.0213574126497069,0.121591641670097,1.25087637123773,0.0281630840733272,0,0.392101880388615,0.718608520224105,7.22745705619069,0.112620817260626,2.02097705208958,2.75370671944232,0.0674216368367363,0.188760180021146,0,0.0872412847903752,0.0957975822934128,0,0.0522499018064693,0.0175185500997691,0,0.857190382883123,0.235975877478709,2.3522105606548,0.85339614216957,1.72718122531887,3.14017493151751,0,0.09726616674447,7.51330457981007,0.890140659391142,1.19931573971847,0.0964096243401786,0,7.85212343924999,0.0568512563969566,0.0595874013958295,2.48171276021397,0.14874371377941,0.0784534178445697,0.0176251338477764,1.80491977443754,0,0.301562739164203,0.202568479022347,1.92523609483277,0,0.0331217755395714,0.134778103512291,5.77545648424071,0.34550266129788,5.13214895551619,0.0184931941420429,0.0215773544174547,0.111480234866746,0.102274719344581,0.0320388519169461,0,0,4.87636221181037,0.330376068009254,0.0739940042429522,2.05530071485495,0.0456800393134736,0.328817060133367,2.40156007763353,1.09501570999546,0.301974035782555,0.0864461504446583,1.06002102116349,0,0.0171359278264742,0.36747910118187,0,0.558231893846751,5.3804914330881,0,0,0,4.73582120104567,0.0262515621941843,0.169091358244365,0.241380192713186,0.534359139816775,0,0.0229444405283004,0,0,0.272483062455134,0,0.0930774447537541,0.0247909217433993,0.251338692018014,0.170680223722159,0.0651144192517083,0.743196649693072,0.0446300791529571,0.205863299201265,0.348242517426672,0.212346759009788,0.912948375086081,0.867724988526306,0,0,0.652476520672398,0.0733333848807157,0.130002908927599,0,1.6077810213961,0,0.021668230903033,0.0714478395468636,0.0307266314961872,0,0.103457392503077,0.0835836113718225,0.130729076375137,0.0597469167351603,0.350760183467821,0.128372367707363,0.145934453333024,0.296592213998605,0.220881852727058,0.0291897508971773,0.0631470363874318,0.0422715503832963,0.0487474875975139,0.174349675172385
0.532276612208377,0.435048218049222,0.918769054715401,2.47237145463968,0.14196747559056,1.873850812812,0.292313431851623,5.35006599875052,0.351134355688863,0.110325771348305,11.3142264375763,0.517572029708195,0,1.13132947985544,2.13760603267672,2.38428071013885,5.09430258134561,0.604996381742023,4.22912802203985,2.62788716667231,1.3564427300733,0.0380762504738788,0.0809718092332654,0.384354812666245,0.789035726889369,0.338806686544448,4.13856895183513,1.37815353503037,0.0549276722871466,0.163208311923665,0.123457336298033,0.534103976938834,0.0462765083912637,0.0716846121448411,0.739179563774713,0.147499494354861,0.488065655761731,0.148989380511288,3.18942996016305,0.629908920426463,0.185138465011582,0.497871557333179,1.87124494639697,0.529150443867696,0.16421652205283,7.70105201587628,0,0.0320403853608685,0.330719172447773,0,0,0.182171906620742,0.190279889912244,2.46845285753266,0.0447628394438328,0.864123060499619,0.91329910984474,0.0301585786760874,0.0715307457551015,0,0.0431471860784931,0.0187657537452304,0,0.0277218051099609,0,0,0.120608145998325,0.0809614346303821,0.715626926946962,0.15543371662056,0.362764054918957,0.587275873775669,0,0.0401470751126137,2.26828773002981,0.332760397700075,0.403561011829099,0.0160725046418912,0,3.40318467353923,0.0316052187796098,0,0.701876581641515,0.0824126905465787,0.0252081781222903,0,0.153435220992981,0,0.0407824825114277,0.032455839743723,1.01427060931282,0,0,0.032619926099929,0.130160221161772,0.150746548778711,0.504104161437074,0,0,0.0172705671555471,0,0.0448097840479964,0,0,0.316452866573273,0,0,0.165356446312735,0,0.0349637552382453,0.449288462569703,0.28664727092978,0,0,0.077238642447568,0,0,0.0557960108689789,0,0.0437078506494128,0.820326054803959,0,0,0,0.405888346583605,0,0.0199562573561198,0,0.0280651387366729,0,0,0,0,0,0,0,0,0.102536961637062,0.0305577638927087,0.0172964127388036,0.0618039215569573,0,0,0.0461889127798041,0,0.0839016132573097,0.0802399099178371,0,0,0.0463910261103963,0,0,0,0.121013920209835,0,0,0,0,0,0.0531383691158277,0.0222171437138708,0.0251261323119196,0.0397371173577961,0.0545598191847854,0.0310090098967246,0,0.030032131740914,0.0173056015767391,0.0215178640725188,0.0237455541787352,0,0,0.104975928673721
0.877493800885837,0.310868251061934,1.01222688697739,2.48574140085992,0.136202382206037,1.22688547678553,0.252536071260644,5.06623502496649,0.37819004884887,0.117742344530194,18.0110877887342,0.440925283109333,0,1.18062100896024,2.55721065341752,2.69560875575493,6.10314733844823,0.695607749622174,4.62182727750141,2.88301421431765,1.59057160564663,0.0448722934703694,0.0594965063369972,0.365927892079899,0.893531481152949,0.374490881739632,4.97011644148255,1.68132491657413,0.0638230334008397,0.129358997028952,0.102083484706698,0.513056488729695,0.0386215127681005,0.0490646768975342,1.05212313358406,0.353660965433971,0.719610735657785,0.160140200366985,3.33224346261224,1.10206795337747,0.297243133061599,0.698411984626349,2.1953528682903,0.780468894106074,0.125060151478944,6.0496399144669,0.0175370837007495,0.0503319634757758,0.493712605626416,0,0,0.249936135307199,0.310748805033522,3.06385623490683,0.0766606514928044,1.15404199390142,1.17933752386631,0.0306118556296148,0.0529890410543508,0,0.035201387166019,0.0391129785753892,0,0,0,0,0.227789686568072,0.13614638803728,0.927438280575124,0.201255050581914,0.518613974313861,0.881495436045163,0,0.0308646695044561,2.61868758920731,0.413835280836623,0.471990958304639,0.0371004681204596,0,3.25927438583921,0.0315162146544512,0.0158316767630622,0.859023613080996,0.0680455954561493,0,0,0.257947215870942,0,0.0595165714998822,0.0426058134027391,1.85565747197526,0,0.0161870075346355,0.0319217759451786,0.0800846119084647,0.200939749404373,0.883364275251732,0,0,0.0329185888132063,0,0.0857719431530913,0,0,0.61537567425568,0.0210839094091755,0,0.353584754896505,0,0.0735371615357269,0.591246803340176,0.325853942571864,0.0297819127784797,0,0.167369241332793,0,0,0.0777636323776086,0,0.0922075076997853,1.10459323223089,0,0,0,0.651134167178403,0,0,0.0164179644621282,0.0660879361094921,0,0,0,0,0.0352636786952297,0,0,0,0.0232626985202464,0.0239279585693766,0,0.0727544627798375,0,0.0169255140151912,0.0351241148903592,0,0.113177631770668,0.0981547353503424,0,0,0.0668109744528423,0,0,0,0.148388070577356,0,0,0,0,0,0.0452439968210762,0.015870710814337,0,0.0466845211123434,0.0353589421511044,0.0290711290875972,0,0.0335147316896243,0.0216122893934581,0,0.0243973034990555,0,0,0.126273282511874
4.03302237824251,1.19766646562135,5.51529528910595,4.45896680053872,0.484152935802826,2.76991873939209,1.04612334201414,10.7403010714719,0.95679066932766,0.281693100672778,41.395909220486,1.36925895763672,0.0780216911674281,2.38694980941867,3.75196085734113,4.44515074365342,9.86549148725199,0.980367561264732,8.95265938140339,5.60292918226427,3.13713482660602,0.0468069513496907,0.135267283960312,0.726221794795451,1.4642826441305,0.588193391033817,9.46555006676029,2.41171663847982,0.0469180469127287,0.321869308607021,0.247192761724904,1.15708217812314,0.0737012610613001,0.0816619913148975,4.07416140441021,0.532451099703355,2.64566491069725,0.763868442432189,25.5205402061312,1.39968646837251,0.569085937852339,1.90429296478778,15.768549288426,2.39834648341064,0.554599822231854,71.4394812337422,0,0.519364422012492,2.79602134616316,0,0.145732842903884,0.597514800730523,1.59467942966758,36.2063865614704,0.34896137455768,8.31648208660692,9.13745320392595,0.0989042351250641,0.0728308207880978,0.0384519663629921,0.211164697652008,0.249316348191853,0,0.138166923487097,0.116538823529408,0.067746803601792,3.37527338496965,0.797046085003108,13.7363724976874,4.67803627610868,9.56404157608992,13.3870206153632,0.0285272952828584,0.352097914163971,39.4310423274435,6.1982742098906,6.03077211233218,0.549822561084276,0.172720066947898,43.3133764902885,0.345398860347475,0.100218460785713,16.3662836822063,1.47071226243602,0.19678842116516,0,5.38063884616001,0.0449056950541794,0.991204982706885,0.641607803823677,28.8115477573122,0.0724214333565433,0.264723093923079,0.458585253723065,1.48010132469948,0.541516355646384,18.245193389486,0.0383300657138759,0,0.289265474757782,0.300857526923708,0,0.0952957692088767,1.83615923567599,14.7638456579034,0.965592717978109,0.501822479092763,7.46223794189941,0.179183177516812,1.41949933301619,5.99210600651157,4.17276327528921,1.20246415315445,0.694729114314755,2.48307657681845,0,0.432454216554944,1.07684734416361,0.0303689818389072,1.74481527332154,17.0215164962273,0,0.0225370400992096,0.0275816533442376,10.9431637048872,0.259173474922425,0.0837041273493862,0.72613459839938,1.6337986600821,0,0.332093416369956,0.0279187757493983,0.0169595176307581,0.725479232915366,0,0.27463819183762,0,0.25463413941178,0.189566408311938,0.0421861049370992,0.37517248056993,0.0199708182633395,0.143101082350559,0.243900666364183,0.0891317064351085,0.377515446049172,0.528886639310482,0,0,0.34601787162499,0,0.0603016857538083,0,0.568547224199943,0,0.0242389702720558,0.0430847700786397,0.0171149558665364,0,0.0218938202802938,0,0,0.04804562515628,0.0687678934102282,0.0330371430863987,0.0241222918225452,0.0241001304442439,0.0267416107543097,0,0,0,0,0.0398052458532548
0.469148603163997,0.292326214122807,0.497163712390301,1.30210593507696,0.0861527369002479,0.918863715080108,0.167809032684454,2.31454881858467,0.196347360826061,0.0605606004798286,8.38982697650114,0.350183189925935,0.0400681472606315,0.424166052360031,0.883436857266669,1.087687157819,2.30024285152892,0.267492878325805,1.88669624001629,1.11122691599553,0.638953193575205,0.0325720813680318,0.0479697924923618,0.194893624449987,0.357854754963673,0.175016242384796,1.64256218095125,0.565830092965303,0.0259381529631333,0.160120546692062,0.0608574953346714,0.301332629371481,0.0566188042678983,0.0269982377162355,0.411966617083848,0.1590418639763,0.287415167158234,0.0707302084762293,1.80249970177321,0.270078523138431,0.103979968743511,0.27430893120101,1.19276402039732,0.303165281589202,0.0821837989735254,4.78035886417446,0,0.0584383213573738,0.211212638388103,0,0,0.0997299116281198,0.157414208075167,1.85175479448839,0.0250908785304147,0.651296854798843,0.577927900191523,0,0,0,0.0475394507065189,0.0283917101823843,0,0,0,0,0.17591441780012,0.0610010281500169,0.718280782032818,0.185941187233568,0.42886688289759,0.538867151306524,0,0.02462462714419,1.87898106903763,0.315671927624965,0.33096012183579,0.0387866657127491,0,2.43334122638935,0.0219991583132972,0.0214199111776886,0.638533314288475,0.0558107041662702,0.0223816979321405,0,0.142022026235182,0.0178256993938725,0.0226830772038907,0.0240906805507671,0.692201656667993,0,0.017505781173659,0.0166270190840463,0.615945850448245,0.0241296141825513,0.521131915393488,0,0,0,0.0177841103229667,0,0,0.0558774451105414,0.643887647373072,0.0396660648948011,0,0.397560652209189,0,0.0247916587311393,0.43250565446985,0.291716307594059,0.015872235641558,0,0.0961049977134448,0,0.0172580839486363,0.0537249577666389,0,0.138452269179025,1.10453044669868,0,0,0,0.594744634355651,0,0.0635032469112996,0,0.050078485699059,0,0,0,0,0.0446014170013805,0,0,0,0.0263029716126697,0.021194967396335,0.0201375433050963,0.0408235106028963,0,0.0163183381282772,0.0320786616570424,0.0194630044497902,0.0601871358401227,0.08421565725114,0,0,0.0456398728587561,0,0,0,0.121813401938705,0,0,0,0,0,0,0,0,0.0716541371659852,0.0227899362593005,0.0257635974826328,0,0,0,0,0,0,0,0.0422314985045745
1.72079793559982,0.770264302881096,1.65027240622293,8.37377317109068,0.445166011045807,3.55754414613544,0.808633897545154,14.624617921365,1.29248967128997,0.373446021841879,24.4109525303823,1.01272375642304,0.104780456263653,2.254027654633,4.20843082701599,5.60927837222687,11.9926708595489,1.41855161309149,9.12461677004763,5.21195357288916,2.79688577560484,0.0768889961271261,0.159066706121671,0.741831493344036,1.5700868756249,0.658211599586562,8.85402147833501,2.77466344461957,0.127263395147191,0.289381460405012,0.269485344472973,1.01002036649334,0.0921477612897666,0.21954578733401,1.46937055652448,0.370592695313923,1.06259484907085,0.197182944984288,5.64243184464964,1.15554326134186,0.368623154950063,1.01910727949361,3.03114150361173,0.915884301856898,0.477043768010291,8.99776598049402,0,0.0883500663009797,0.719914474804269,0.0166739492319195,0.0353461879989978,0.339696330879439,0.496964547461254,5.20501101710344,0.109498354200438,1.78840391095843,1.90470204295735,0.0804605599978391,0.123406582120941,0,0.0429266365327325,0.160910564739045,0,0.0546374829258678,0,0.10274069472086,0.5223311047731,0.112791029732424,1.83195569480344,0.660478582611097,1.15895727469516,2.18824071009034,0.292007486004999,0.0504212237558903,6.12660054806202,0.483560391658141,1.00172507020759,0.0722387253949719,0.0321005138218334,6.03167037747321,0.0559274325232342,0.0455150275805142,2.06168810721158,0.158539909022915,0.0707427396152533,0,0.762512210658252,0.0423472772103572,0.201217789903939,0.148123592903477,4.16659536420658,0.0303411095258138,0.025151883179271,0.108242566600789,0.101695630335092,0.0751398378227198,2.64174126852669,0.0267490078695878,0,0.0820195736443947,0.0648560491966504,0,0.0594883279111,0.345820183910052,3.32488419897753,0.211732184813112,0.0823390798599712,1.82578155669519,0.0283848282788758,0.191162195026422,2.17312039796012,1.30409232173268,0.222907856411317,0.158694578147654,0.721937373457451,0,0.177629056117515,0.361459570586895,0,0.54885496718786,5.11707310340664,0,0,0,3.16128366159634,0.0265555656698759,0.116566284798744,0.132490793051245,0.316070120054673,0,0.0508874660675532,0,0,0.201273964060184,0,0.0403830182566742,0,0.135643701462888,0.101244952042496,0.052657243623483,0.305086358744782,0.0186776537840824,0.105849261028313,0.182103667109056,0.0606578385280865,0.390521011543637,0.396362141296249,0,0,0.250714481933299,0.065053511584271,0.0615959796055268,0,0.528460476469226,0,0,0.0488419699865855,0,0,0.0169010574901519,0,0.0171972955447575,0.0307691485679686,0.0376074022726963,0.0303815457215042,0.0197220977966465,0.0409298815391262,0.029505779607059,0,0,0,0,0.0490543162567096
0.34684431386047,0.190406290853605,0.404699084004895,1.03508931814987,0.061185232992897,0.479039738879064,0.105575229469746,1.95591334984872,0.154030789992435,0.0513052670369562,4.74249799838196,0.248175105772956,0.0336125787126254,0.460655391794831,1.0023657341643,1.29063705451253,2.74605334845392,0.293822357144235,2.54739526470017,1.6616377494927,0.906583059436583,0.0517943503688421,0.0454229673227181,0.270437298691183,0.451578658039225,0.187328647574222,2.47304443758274,0.713096093326917,0.0357799584186639,0.0830025819420558,0.0799861455107803,0.362570432520396,0.0432198745457314,0.0381856089535067,1.21010050382847,0.208797287768089,0.748671188739385,0.176365315025063,6.15472719194629,0.546504730501176,0.16787886283594,0.579811213428096,3.51532365649987,0.57894846886515,0.104705885686009,15.5175014738264,0,0.230881699692036,0.92249399515456,0,0.0833188736994034,0.195021852916239,0.533596056365344,10.6579851113257,0.109901291091613,2.14553101100692,2.54801199417701,0.0550281091798224,0.0223608824068536,0.0196364774883145,0.118564998819984,0.161785841234503,0.0377547586329345,0.100035601044921,0.0227995070881435,0.0353352447571048,1.32266405315329,0.257334467722438,4.67752005468734,1.59847043505527,3.77094441513007,4.921002452922,0.0251292129266602,0.137808285582295,16.0686510387381,1.94695032524335,2.53132200234926,0.208371536202938,0.0454868440117632,14.3368255473176,0.101796061367568,0.0355393653653312,6.20124687936562,0.442189868975059,0.073315905311676,0,1.56139214891761,0.0332764963569618,0.395911049822909,0.304857179934502,8.41550029024531,0.0274357764269979,0.0753181168678824,0.187513918683175,3.51668923781246,0.23974121462367,6.28117564212536,0.0232975154534398,0,0.137363872624839,0.108291810463826,0,0.0282838695002209,0.770514250725013,6.96333035777665,0.433294486564314,0.292232638564078,3.98997156268527,0.104922663275495,1.35870497436645,3.55853479580462,2.15659741092477,0.508538546193213,0.362925129434609,1.46734045377168,0,0.0462150175207114,0.625962438444976,0,1.08174876884745,9.44093448835571,0,0.0229930228055116,0,5.72126468011531,0.158516108140582,0.0269322725921015,0.228233518960691,0.771378175308438,0,0.0579301133374862,0,0,0.403066705996959,0,0.10417572343295,0,0.132040741207858,0.142761983007802,0.0508617820921645,0.298977974630147,0.0261288979255894,0.121342391432797,0.188810698800603,0.0739720097339811,0.324693476841917,0.382210432996859,0,0,0.282437975515187,0.0175894456289996,0.047685606057083,0,0.493496346852651,0,0.0349530452457956,0.039126590072455,0,0,0.0259904368125882,0,0.0191697766566321,0.0469295345901928,0.0467284791508722,0.0288073884706082,0.0254387595933639,0.0365934045383584,0.0304219422940636,0,0,0,0,0.0420579609560186
0.511438980474952,0.245441616526803,0.755138516326545,1.00682555957574,0.0847799786230798,0.619010938785629,0.203022611002579,2.37532190437285,0.181500696633832,0.0467918445610795,25.9566011241206,0.542813704122517,0.090977267071819,0.678486822125871,1.07256821090783,1.34168466904644,2.85161035940553,0.288907588975282,3.16980573252605,1.94256036874894,1.10164267360917,0.0292340459059924,0.072884758695567,0.245961067981511,0.530952883170952,0.177329524970887,3.02684474208591,0.796424411207435,0.0375194981999935,0.191169274292935,0.119706200037518,0.516237621434384,0.0395350624944924,0.0513985914111606,2.11709162611043,0.191788530056297,1.24345127932942,0.239288880329958,14.4677652745526,0.473370150508082,0.193198573154384,0.721342374421479,6.65460053568925,0.645517743217688,0.17184919322451,35.7940269721545,0,0.271238011399908,2.4850870551904,0,0.117085344618273,0.252905082449906,1.22092042750209,34.987717967295,0.213304686748933,4.61824172955914,7.34612788175678,0.0497180396879292,0.0405812686514664,0.0226546703700969,0.0971493163085888,0.24309332079604,0.0739501784370422,0.196152014455828,0.0206226999362496,0.0550782350339494,4.47590816142002,1.44957840501651,12.1180513357493,5.68795839267709,11.4644359623515,17.8148016808839,0.0245281324878309,0.243325384543817,47.0636212529067,4.80306438653424,6.77082309978292,0.280695953079896,0.0953035859538473,35.0107750535762,0.12730342059159,0.421288140227085,18.0020030554455,0.429662619108072,0.145549308281772,0,9.6045493532866,0.0512226032676052,1.43645320105534,1.00188790796923,36.7125996363946,0.0863541841617157,0.235043688119729,0.593612048386234,2.14993639045668,0.651725044248267,31.1250368868122,0.0305224456461328,0.0175290009631725,0.551910610970335,0.559454914317646,0,0.0559124396927167,4.16275752969257,31.1551917393106,1.60505767364184,0.680425965148847,11.2480102834637,0.240234210136996,0.777575133988734,7.04745833193802,3.44875159159331,1.73471749250559,0.755997856972578,4.05964985783986,0.0168767968227265,1.06438606926981,1.28957078798565,0.0196299294242773,2.77674386327906,22.8944929305866,0,0.0326232676203313,0.0255070267800345,19.952032285583,0.255469895007536,0.130945933330147,1.75388125907387,3.21206473417472,0.0159530873389928,0.318198453450642,0.0452787311621584,0.0484587874981395,1.4437605193669,0,0.643018348487242,0.0173512081172391,0.714826394314493,0.435194591583245,0.14321848171821,0.7998891080953,0.0506045505825177,0.178137590907674,0.567630617055388,0.145024335003174,0.503337284939119,1.59623552612231,0.0316732577324886,0.0211985333647986,0.667480360690593,0.0829401201758644,0.102834914305735,0,1.06446544420978,0,0.0212109669999804,0.151275873725249,0.0434469565651622,0,0.0710286443074672,0.0401971906596942,0.0627632506210563,0.0310306508832477,0.125849782009653,0.0346524288846602,0.0355297618473636,0.0596527884013165,0.0893535676312573,0,0.0170417543891881,0,0,0.0420496698232999
0.390905946602926,0.257536700421142,0.551223104971992,2.01795642421817,0.120313022513348,1.01445476671641,0.22386614852909,4.07152999582769,0.267404500370352,0.0894613467935942,23.5072344007153,0.53155850325667,0.0494328299931947,0.918518801238722,1.46313587159309,1.95125635027093,4.22450436361403,0.473432571869084,3.28321005859303,1.95725434051263,1.0122364066636,0.0269344721929,0.0851768912361432,0.295816154331445,0.618742550388972,0.27400015693909,2.88066180937772,1.0238974615883,0.0482656368392793,0.217421719338417,0.111751006951035,0.410700976649158,0.0557115852026416,0.0786822334566691,0.531620563580353,0.150400918617541,0.374841932503904,0.0789754145680467,1.69811412072872,0.0284714822081314,0.120507542881138,0.355765614443446,1.02218934256685,0.325883012444001,0.363716239313262,2.88077610743899,0,0.106673262273624,0.26146373615508,0,0,0.120448550989623,0.181851829995877,1.5885673103679,0.0598357487539904,0.574225281860069,0.572526748336858,0.0264527512436725,0.0281321369522024,0,0.0227879826446892,0.0456808339393526,0,0,0,0,0.121917727299436,0.0463387318707823,0.381657630855028,0.134494982698192,0.290396630781744,0.318479592848214,0,0,1.15553894992883,0.172697750162458,0.232377141595874,0.0256156352039944,0,1.12643755465354,0,0.0226455189741128,0.427350866587039,0.0186932689801166,0,0,0.170767573323489,0.0335584768041714,0.0560862261910373,0.0764338322131979,0.449983706368463,0.0197856017779685,0.0183734124840743,0.0187067395353808,0.395783748485845,0.0235087856935005,0.44279612724701,0.0206778025410212,0,0.0423270091528771,0.0350961448783079,0,0.0463920545416861,0.06841995833275,0.579086932218195,0,0,0.237831187536676,0,0,0.3628756158305,0.179263120664107,0,0,0.13052378830859,0,0.0254819277201364,0.0447867199425992,0,0.0613110963492995,0.789349680318615,0,0,0,0.587460195123778,0,0.023710071691011,0.0223527508740833,0.0719564234107702,0,0.0231867346115175,0,0,0.0471506405112018,0,0,0,0.141273125923087,0.0478265727634012,0.03162634118408,0.120855028064619,0,0.0333196344834224,0.0749745033257318,0,0.12751328148125,0.211728329022059,0,0,0.106621083206677,0,0.0319369906574709,0,0.250494445636276,0,0.0600865065890732,0.0572269636620481,0,0.0159781485326517,0.0940907931391672,0.0687564960532132,0.0345678548583556,0,0.0939484252506057,0.0317520593936221,0.0355813650355148,0.0537407403687771,0.0601458428109967,0.0508002702542481,0.0385650841988364,0.0261540026067163,0.0223085914962758,0.0270440488459003
0.114062178205842,0.10028343691345,0.241535436212804,0.409032984486964,0.0372913873032117,0.242489064802999,0.0666595414187338,1.07557976891264,0.0760127051992363,0.0217060865583268,4.04135598796918,0.197102828319616,0,0.363708887354383,0.617251312870269,0.700218465181198,1.52321059683452,0.134661966673657,1.77285683478019,1.15976401902711,0.622560374661347,0.0169142413223662,0.0256203292834644,0.158280617865067,0.309850930105883,0.103479272782556,1.58742160200156,0.410810824604954,0.0220189142165026,0.0471142452717333,0.0516065057289001,0.240577531338413,0.0170195674554919,0.019218105005338,0.425367465681424,0.109178571139398,0.318645717168896,0.0620767574938257,1.2529016445992,0.249203177719207,0.0959375419905718,0.266774473330515,0.760642734638731,0.21399505816547,0.0476618899504606,1.62642090154585,0,0.054712970558186,0.261201094814478,0,0,0.116886660020002,0.200088969566289,1.47878768864819,0.0368786632031882,0.507692382942904,0.631557077519092,0.0315938848430782,0.0164742209992779,0,0.27465536127555,0.058812817235102,0,0.0161333546265541,0,0.0257769788911672,0.113486942999313,0.0835035905723295,0.357780263273938,0.119499308430191,0.223133453030624,0.438931662514315,0,0.0191187168803175,1.26707198450352,0.155385112326506,0.206595852706562,0.0249481226736045,0,1.26807401064957,0.0168815624185257,0,0.355501073388093,0.0416183867882332,0,0,0.139209313265842,0,0.0394912740243708,0.0405742108311068,0.383029424317416,0,0,0.0335051344593972,0.472031237976136,0.0193654654583499,0.443961569892444,0,0,0.0273448474238268,0,0,0,0.108748003492721,0.897151277258407,0.0543618977609213,0.035166848884986,0.407910953713713,0.0252903467032871,0.0681900349266921,1.37154524779174,0.466301847286172,0.0413406297661367,0.0364902967029688,0.368222343965824,0,0.052990958544394,0.167848051981014,0,0.190590885993711,2.24581014628821,0,0,0,1.57010003013694,0,0.0302501403329481,0.024299119386104,0.0934706840896843,0.021220646885007,0,0,0,0.0576894769006637,0,0,0.0231187734342289,0.0826182268807688,0.0868106394610972,0.0402024421743128,0.405565919801156,0.0290645973539135,0.154317209799568,0.209933347143132,0.183274891932111,0.739896319236486,0.573287290324366,0,0,0.413135515473746,0.016206245033004,0.0858030262446554,0,1.27311270388053,0,0,0.0313828066896799,0.0209549678552829,0,0.0636347267780843,0.0325838936717122,0.0943442080301283,0.0538487666190411,0.29068515080752,0.098774861386617,0.144321554313915,0.312867943263641,0.223717459868928,0,0.0550599739303482,0.0257313143350377,0.0640679011472896,0.0273898637917795
0.273303956329018,0.103153525579568,0.226981086290522,0.825187983900841,0.0513368944111009,0.444944844220031,0.105667449398465,1.55691979097288,0.138103172779338,0.0477275017088507,3.575516502557,0.181532362434895,0.0195666270988776,0.313406800097342,0.556031452476354,0.696523915233789,1.44847713414132,0.16636954631421,1.31448927336398,0.864700570491302,0.481705271762708,0.0237023751017352,0.0235941555386686,0.138731207779631,0.244471765868899,0.106951643323429,1.15131941348462,0.379481758602293,0.0191511775009025,0.070808929723469,0.0365894296080417,0.20461287123499,0.0350184471234298,0.024903151876859,0.291668867202146,0.0811268706692703,0.216847741850863,0.0608537255756411,1.16122185960434,0.127698313938713,0.0731646683285616,0.187493202423548,0.508035117162039,0.148720890933896,0.185049833229441,1.12495370445249,0,0.0371720650086192,0.154421415863693,0,0,0.0744980901034926,0.108650404311395,0.892175427692765,0.0280303547799446,0.327457598331087,0.377643307439284,0.0238756706763585,0.0549353369612579,0,0.0229353992962649,0.0228446555954461,0,0,0,0,0.0912815888797645,0.0205950125164022,0.221373184146384,0.0848762450619316,0.140440896012944,0.325301545909685,0,0.0186960530015916,0.732591150910221,0.0955313574688703,0.129307637323249,0.0181568091206097,0,0.65388254129129,0,0,0.260669446619452,0.0425360680376071,0,0,0.104882587010805,0,0.0369836883728672,0.0267662428061669,0.251736580747237,0,0,0,0.37052624888383,0.0232013241595946,0.334987184368755,0.0165523875681263,0,0.0234694652506232,0,0,0,0.055248653951553,0.498633606614328,0.0445257216541295,0.0243038010662796,0.234497628370343,0,0.0690201258763227,0.258170268889167,0.126638497180473,0.0533084707424699,0.0344705494771104,0.107764701480241,0,0,0.037366608945639,0,0.0723437018432473,0.602401323156408,0,0,0,0.436977966501237,0,0.0292450393798454,0.0288564850297151,0.0595318529719383,0,0,0,0,0.0400061614971924,0,0,0,0.0543958198746399,0.0265481368564561,0.0203671330401304,0.0545038002960954,0,0,0.0398302393430994,0.0305052202711561,0.048708001701457,0.134741409770453,0,0,0.0527325965577372,0.0163801932902763,0.0173187400153063,0,0.105554468236905,0,0,0.0208846276155658,0,0,0.0257270977324161,0.0162655146430742,0.0266568688012362,0.0264986850941403,0.0536035116234719,0.0251354890809112,0,0.0185642177008359,0.0485724768880228,0,0.0253912426865182,0,0,0.0241922548340567
0.798504732659727,0.223182224644598,0.837140380185063,0.900024941780139,0.0882276707863646,0.540638963541661,0.149241147663962,2.43077578062267,0.184608319723799,0.0503641033046428,5.51196573524255,0.312496648057659,0.021919138009263,0.656897371033321,2.28324446724372,2.86292029288438,8.31008755648594,0.451653451366758,8.09470358708133,4.2978882028366,2.3982820650208,0.0198447925667421,0.0345662035898069,0.265072448459641,0.803066040259082,0.306934875415349,9.74692531618028,2.14144716086943,0.0306036829443587,0.0605466088769591,0.0482495731251553,0.619279145156393,0.0238165583430521,0.036013388483021,3.1441766896518,0.609798255413321,2.0779929302238,0.367410388581136,7.61766163285307,1.67443988252989,0.638309117564818,1.93660612063585,5.25086097709144,1.67075710739327,0.369460396608238,8.11548355451802,0.0227226087360633,0.120270461243257,1.33074712111977,0.0266711863112818,0,0.529820984351417,1.00843524545102,7.06746424924489,0.15438861770485,3.38286361318108,3.48295575322501,0.0923995515101006,0.0336137521622582,0.0288747685110952,1.17190470164641,0.0962157433816159,0,0.018168163675226,0.0272565417033142,0.0169264686004944,0.224326127689883,0.064194019241834,0.785258691085665,0.253884004168414,0.477348349039554,0.737355919353242,0,0.0562555554230119,1.8904586673697,0.404713752423957,0.331332954637761,0.0505354204364441,0.0287561656378194,2.2672388280596,0.0567925849312991,0,0.748589610049123,0.165987497148172,0.0239808483480926,0,0.210717676986708,0,0.0497461977748739,0.0382904707150193,0.620909673830273,0,0,0.0349517921472468,0.864571532003203,0.0363671245717041,0.625519895725769,0,0,0.0300090931770172,0.02226261548641,0,0,0.0684836757102543,0.78233768320998,0.0367593259915175,0.0238295036777142,0.412209156455108,0.0182452868258789,0.11195679203534,0.742692632875206,0.370244894731854,0.0402896881210972,0.0331817184805518,0.224951832710506,0,0,0.105039287483088,0,0.12260880341713,1.47544687136457,0,0,0,0.857263486279804,0,0.0332676512894657,0.0282526472685201,0.0927045492982545,0,0,0,0,0.0492952641392368,0,0.0187002790112378,0,0.0682927306075188,0.0477813343240855,0.0260683407560939,0.138471346587967,0,0.0506485987889486,0.0808166868726943,0.0473406229070119,0.200551568537683,0.202491583576875,0,0,0.112031637033367,0.0225576580675132,0.021694421996197,0,0.216336532806923,0,0,0.0179913926536406,0,0,0.0392746307419872,0.0199014218162843,0.0265805850673608,0.025889616199573,0.0424922834205501,0.0275173559251041,0.0161132168849624,0.0211119204757427,0.0262006790283516,0,0,0,0,0.0252384502794708
0.295539429156273,0.218180187512914,0.572774981552968,1.1807969451027,0.060881737215257,1.21478407104017,0.244583920212917,4.7374032234824,0.221459424778659,0.0503723953552886,24.1116464840809,0.605787000918157,0.0597264103793869,2.90903737960938,4.56934817592927,3.98982243015006,8.26818622660362,0.679608334944916,13.3606586138833,9.98429718118655,5.33612530379624,0.113691147291902,0.302202762108689,1.12482490737533,2.35461912480673,0.283672089417294,12.8402833667778,2.51942327597415,0.0566171210195454,10.6988584616496,0.399390648492435,0.37517839310362,1.16049114809076,0.481362114165823,14.9782847157952,15.059193079485,8.16221525129726,43.5297227203456,28.8529282197186,0.139633222300597,1.03311927849624,16.0492961626836,14.5623109573552,3.04127616125468,3.77365881845778,18.2892131994464,0.0226280295775036,11.2443549691287,10.2436097460914,0.300853226791246,0.88894449563516,25.9419019252699,4.27842721617628,107.840129296567,0.949126972865312,8.92641282694457,11.7038814903495,0.561868641373641,0.323210981284725,0.122722153522292,65.1785050909781,14.1900018151112,0.113307251375578,0.834011793293307,0.142053336908417,1.45226510769068,14.4837823884191,6.07543040190756,70.0805253727577,9.5245790389636,14.8847978379926,135.751232651105,14.5354314264248,1.26629271284776,225.914356663559,12.8611344835723,40.0763526805359,192.807810138649,0.529522901545021,42.8386097186826,0.994044454103604,3.52645630387108,30.5857094728602,2.57114876609048,1.18121874081528,0.0544824363183223,18.3843730217884,5.69183966478206,2.49143534191316,0.521470314838497,85.5027254993121,0.293632621538625,36.1707685845666,1.21434519967767,108.698451795291,1.32590501712208,61.4935495111391,0.14878357435023,0.0543342426718555,0.878244732122654,1.62175349934283,0.0334296843357034,0.123483212891835,14.5331226598178,49.8824199508245,6.57073669725525,2.68610594058296,61.3285036083749,1.82273927461799,6.93989440430862,78.6540578345881,43.3549596889851,8.52366836123732,4.63959952772824,19.5833743001202,1.23923241935224,3.74583733497047,11.2060793498205,0.149298759909075,10.5648778402615,173.318575666413,0.149830889579812,0.400995675240984,0.501160500446768,90.6288223819908,1.58745881926937,0.344586535211769,2.42340362631725,10.6194876616122,0.153759385212194,34.7019154206242,3.60641173584277,0.193221942315019,4.1043642063364,0.114751856375023,1.40034037604478,0.33356328167532,2.9676340757341,2.66865720899814,0.948703029507149,9.60982061617816,0.61317630029833,3.21697352489343,5.06653190495243,3.5973479504954,12.0279324248445,11.7790764635544,0.14615978031393,0.126976664784311,3.45228346251756,0.408623396305034,6.34350145207874,0.0235913751198284,71.1691338642017,0.336544354639988,0.309624039157384,0.910231764778815,0.247070467976861,0.0575438198937266,1.52196136289415,0.707081582100993,1.44890635065473,0.120251331566108,4.03349711097713,0.976114462542601,1.26915217027675,2.77892510241402,2.78663662309927,0.157039939078945,0.794792640533814,0.190004884461498,0.365694707680877,0.148397693122647
0.314282302686103,0.154002103772305,0.400194995467105,0.986589777051292,0.0603949679788883,0.849966932677215,0.13124082687532,2.10332744059835,0.139143448713931,0.0398304130431849,7.95520649499484,0.216875933933778,0.0273903621550879,0.469330815064683,0.948255430975675,1.00332367993225,2.03036278792804,0.236892458565704,1.84629032006714,1.1576761143681,0.63372197448199,0.0434129510914972,0.022214824304226,0.189654344297271,0.360307464673473,0.138499552036737,1.75048367830559,0.535256249413192,0.0367770960115927,0.179124833056843,0.112513579109005,0.391528572891471,0.0561338867435519,0.0675945459184205,0.489742437707874,0.0593064063599365,0.326780880548416,0.0650214634806083,2.03010737702895,0.243348649064969,0.087220667454336,0.248980794350087,1.2165352428764,0.278707594444713,0.123660150204591,2.70316319209456,0,0.028748415567777,0.237907882688034,0,0.0229743072870803,0.0957707412984871,0.169233275330535,2.06533257932042,0.0446592978646073,0.6569482984643,0.637439501135237,0.0344091502355405,0.0415141762846693,0,1.50684184546246,0.0376543182378791,0.0199431467708561,0.0284787214671212,0,0.0326690367149703,0.171348730249325,0.0687847335206077,0.745384012036978,0.181994445728819,0.344328400341255,0.87445909945787,0.190908223579465,0.0336200095473516,2.02308992224764,0.169639712898607,0.351087509302129,0.0296383585792088,0.0181766974560091,2.6296182529862,0.0265498409904285,0,0.777272479778804,0.0841998660150872,0.0257062250891492,0,0.209092958568972,0,0.0644252293900997,0.057714004863875,0.569744866950392,0.0177858681620568,0.0201852241405085,0.0446322746194737,1.0242615573234,0.0360132520967318,0.706121953385917,0.0426325458975268,0,0.036437517015722,0.0279895982817681,0,0.0205667842931702,0.0821620380670395,0.581489831482776,0.0457852928809238,0.0334946938069807,0.320745621195444,0.0208471378570536,0.0498995444421316,0.421698265092319,0.262933031372872,0.0451814646352054,0.0388250035198062,0.125245492613803,0,0.0294064307271476,0.0717562995420352,0,0.147964115312229,0.991102960603526,0,0,0,0.553400494669593,0.0193436788635483,0.067317717380299,0.044824922985869,0.0727822710320135,0,0.0229207199838703,0,0,0.0358741837701503,0,0.040606631350475,0.0221357409570546,0.101844493668476,0.0457462917838739,0.0649592898626702,0.0648160406448476,0,0.026616497537394,0.0577715128756098,0.030969312688012,0.0803309063686575,0.120397614969191,0.0163565566421427,0.0257411353289051,0.0632044673629411,0.0395415478561468,0.0192710490552645,0,0.271720561362561,0,0.0583434155185222,0.0320795957432128,0.03648432736573,0.0327526238432586,0.158877480194003,0.0497627975718687,0.0664242231876408,0.0183309758543537,0.143170164711183,0.0330606826390703,0.0303670825826719,0.0418443548772399,0.0861079652508533,0.17768205091291,0.198573408323427,0.0382657848494228,0,0.071301966214012
0.27926817308198,0.10434393477123,0.414626005697633,0.574247018052961,0.0442145926476122,0.389179736017863,0.113889421536111,1.45798611770122,0.10012503702172,0.028427026833881,8.63167770301469,0.147980159028931,0.0305202637883593,0.372679665123796,0.696736554338851,0.719551391174506,1.48259808192394,0.152860851038591,1.53870722940157,1.04302351653367,0.579680667438357,0.0289611248872227,0.0209128270791858,0.145125535758835,0.284171380518351,0.0946401275590986,1.54023119863584,0.416930179603296,0.0268834335524554,0.103253195714871,0.0381495446749881,0.321111201912946,0.0334351230681571,0.0396195874764076,0.898200940062824,0.10946252416195,0.560597547293152,0.0658323369560348,5.70032207883026,0.258427544694672,0.0902663407629069,0.30313717983177,2.75196228641705,0.284040218977217,0.0564341553135716,7.87491131628776,0,0.0413296152994832,1.13247563008125,0,0.0729466258462399,0.107393204276319,0.529264565859908,14.4314379040787,0.108216741013861,1.9715787666235,3.22454246548182,0.0305491255869205,0.0313891179968086,0,3.90620937876929,0.0580129197711069,0.039741902341672,0.0456938919488082,0,0.0319839653438103,2.0305140699653,0.655909313936469,5.23741578027379,2.29640652005396,3.89658993611466,11.4172507923711,1.30296270258034,0.0839864858693013,18.5331089337886,0.860129255126061,2.7928724556203,0.0675901358638233,0.0318545538235417,13.8364767379435,0.0522468574147237,0,4.58924515483859,0.312776341612035,0.0571385494313912,0,4.9203093694301,0,0.802463746800223,0.482997373523708,9.34198681853934,0.0266388910824191,2.64399552332147,0.277655496201734,13.3953671504046,0.256865406072415,14.9279346900486,0.0212833458634803,0,0.145842558484918,0.152908764604916,0,0.0205221092133384,1.89236978912742,13.1502568297499,0.723222033381779,0.274597470887835,4.91042373281387,0.111872452709597,0.941566701713948,2.86738612341252,1.4470127251561,0.86227015600115,0.308673882367013,1.66112742243544,0,0.0401026120264996,0.513677594263773,0,1.18803891852576,9.44236503098385,0.0179744171869722,0.0183591831261042,0,8.30079325336571,0.0877980315382655,0.052666260333821,0.939828522342792,1.37303135286824,0,0,0,0.0319809091477989,0.594338850808933,0,0.302884746914527,0.0205403069736561,0.362215853499653,0.219366710093057,0.0866488774712159,0.351270009601883,0.0321619354912048,0.0819726739120907,0.260643734393919,0.0756387625026562,0.202798394524886,0.704462620040876,0.0390160048899367,0.0221956445056706,0.292607987390313,0.0441937750200642,0.0376320646429442,0,0.450944198029016,0,0.0486824717708093,0.103893750421047,0.0422068531214509,0.0188492169223027,0.0769251521898784,0.078943455616373,0.0569430658200237,0.0276031856571161,0.0858612419626979,0.0290222120978379,0.0323372474590382,0.039351548095101,0.0716902360092636,0.0497636777951801,0.0510633432934077,0.0209114271600778,0,0.0605616782457084
